{
  "roc_auc": 0.4947067527576002,
  "accuracy": 0.5658198614318707,
  "precision": 0.7442307692307693,
  "recall": 0.6142857142857143,
  "f1": 0.6730434782608695,
  "threshold": 0.2440488189458847
}