{
  "multiclass_accuracy": 0.9930555555555556,
  "confusion_matrix": [
    [
      119,
      0,
      0,
      0,
      0,
      1
    ],
    [
      0,
      118,
      0,
      0,
      2,
      0
    ],
    [
      0,
      0,
      120,
      0,
      0,
      0
    ],
    [
      0,
      0,
      0,
      120,
      0,
      0
    ],
    [
      0,
      0,
      0,
      0,
      120,
      0
    ],
    [
      1,
      1,
      0,
      0,
      0,
      118
    ]
  ],
  "anomaly_detection_results": {
    "Hybrid (Paper Method)": {
      "roc_auc": 1.0,
      "avg_precision": 1.0,
      "binary_accuracy": 0.9986111111111111,
      "optimal_threshold": 0.29472360014915466
    },
    "Cosine Similarity": {
      "roc_auc": 0.9999861111111111,
      "avg_precision": 0.9999972268441486,
      "binary_accuracy": 0.9972222222222222,
      "optimal_threshold": 0.3348463177680969
    },
    "Classification Confidence": {
      "roc_auc": 1.0,
      "avg_precision": 1.0,
      "binary_accuracy": 0.9986111111111111,
      "optimal_threshold": 0.431333065032959
    }
  },
  "class_distribution": {
    "folding_marks": 120,
    "grain_off": 120,
    "growth_marks": 120,
    "loose_grain": 120,
    "non_defective": 120,
    "pinhole": 120
  },
  "total_samples": 720
}