{
  "roc_auc": 0.5631355932203389,
  "accuracy": 0.4457274826789838,
  "precision": 0.8289473684210527,
  "recall": 0.3,
  "f1": 0.4405594405594406,
  "threshold": 1.332667350769043
}