{
  "roc_auc": 0.4775148371119935,
  "avg_precision": 0.5105273815064484,
  "accuracy": 0.546189376443418,
  "precision": 0.5305389221556887,
  "recall": 0.9977477477477478,
  "f1": 0.6927286942924159,
  "threshold": 0.4512401521205902
}