{
  "roc_auc": 0.5548022598870056,
  "accuracy": 0.47113163972286376,
  "precision": 0.8257575757575758,
  "recall": 0.346031746031746,
  "f1": 0.48769574944071586,
  "threshold": 1.3286551237106323
}